<?xml version="1.0" encoding="UTF-8"?>
<feature
      id="org.eclipse.emf.parsley.examples.mail.product.feature"
      label="EMF Parsley Mail Product Feature"
      version="1.2.3.qualifier"
      provider-name="Rcp-Vision">

   <description url="http://www.eclipse.org/emfparsley">
      EMF Parsley Mail Product Feature
   </description>

   <copyright>
      %copyright
   </copyright>

   <license url="http://www.eclipse.org/legal/epl-v10.html">
      %license
   </license>

   <includes
         id="org.eclipse.rcp"
         version="0.0.0"/>

   <includes
         id="org.eclipse.e4.rcp"
         version="0.0.0"/>

   <includes
         id="org.eclipse.emf.common"
         version="0.0.0"/>

   <includes
         id="org.eclipse.emf.ecore"
         version="0.0.0"/>

   <requires>
      <import plugin="org.eclipse.ui" version="3.5.0" match="greaterOrEqual"/>
      <import plugin="org.eclipse.core.runtime" version="3.5.0" match="greaterOrEqual"/>
      <import plugin="org.eclipse.core.runtime" version="3.6.0" match="compatible"/>
      <import plugin="org.eclipse.jface" version="3.6.0" match="compatible"/>
      <import plugin="org.eclipse.e4.ui.css.core" version="0.10.100" match="greaterOrEqual"/>
      <import plugin="org.eclipse.e4.ui.css.swt" version="0.11.100" match="greaterOrEqual"/>
      <import plugin="org.eclipse.emf.ecore" version="2.7.0" match="greaterOrEqual"/>
      <import plugin="org.eclipse.emf.databinding.edit" version="1.2.0" match="greaterOrEqual"/>
      <import plugin="org.eclipse.core.databinding.property" version="1.4.0" match="greaterOrEqual"/>
      <import plugin="org.eclipse.emf.ecore.edit" version="2.7.0" match="greaterOrEqual"/>
      <import plugin="org.eclipse.core.commands" version="3.5.0" match="greaterOrEqual"/>
      <import plugin="org.eclipse.ui.views" version="3.5.0" match="greaterOrEqual"/>
      <import plugin="org.eclipse.core.resources" version="3.5.0" match="greaterOrEqual"/>
      <import plugin="org.eclipse.emf.edit.ui" version="2.7.0" match="greaterOrEqual"/>
      <import plugin="org.eclipse.ui.forms" version="3.5.0" match="greaterOrEqual"/>
      <import plugin="org.eclipse.jface.databinding" version="1.2.0" match="greaterOrEqual"/>
      <import plugin="org.eclipse.core.runtime" version="3.11.0" match="compatible"/>
      <import plugin="org.eclipse.help" version="3.2.0" match="compatible"/>
      <import plugin="org.eclipse.ui" version="3.5.0" match="compatible"/>
      <import plugin="javax.inject"/>
      <import plugin="org.eclipse.emf.common" version="2.7.0" match="greaterOrEqual"/>
      <import plugin="org.eclipse.emf.ecore" version="2.9.0" match="greaterOrEqual"/>
      <import plugin="org.eclipse.core.runtime" version="3.5.0" match="compatible"/>
      <import plugin="org.eclipse.emf.databinding" version="1.3.0" match="compatible"/>
      <import plugin="org.eclipse.emf.edit" version="2.12.0" match="compatible"/>
      <import plugin="org.eclipse.core.databinding.property" version="1.2.0" match="compatible"/>
      <import plugin="org.eclipse.core.expressions" version="3.2.0" match="compatible"/>
      <import plugin="org.eclipse.core.filesystem" version="1.3.0" match="compatible"/>
      <import plugin="org.eclipse.core.runtime" version="3.12.0" match="compatible"/>
      <import plugin="org.eclipse.emf.ecore" version="2.12.0" match="compatible"/>
      <import plugin="org.eclipse.ui.views" version="3.4.0" match="compatible"/>
      <import plugin="org.eclipse.ui.workbench" version="3.5.0" match="compatible"/>
      <import plugin="org.eclipse.emf.common.ui" version="2.11.0" match="compatible"/>
      <import plugin="org.eclipse.equinox.common" version="3.2.0" match="compatible"/>
      <import plugin="org.eclipse.equinox.registry" version="3.2.0" match="compatible"/>
      <import plugin="org.eclipse.osgi" version="3.2.0" match="compatible"/>
      <import plugin="org.eclipse.emf.common" version="2.12.0" match="compatible"/>
      <import plugin="org.eclipse.core.databinding" version="1.2.0" match="compatible"/>
   </requires>

   <plugin
         id="org.eclipse.emf.parsley.examples.mail.rcp"
         download-size="0"
         install-size="0"
         version="0.0.0"
         unpack="false"/>

   <plugin
         id="org.eclipse.ui.forms"
         download-size="0"
         install-size="0"
         version="0.0.0"
         unpack="false"/>

   <plugin
         id="org.eclipse.emf.parsley.examples.mail.mailsview"
         download-size="0"
         install-size="0"
         version="0.0.0"
         unpack="false"/>

   <plugin
         id="org.eclipse.emf.parsley.examples.mail.messageview"
         download-size="0"
         install-size="0"
         version="0.0.0"
         unpack="false"/>

   <plugin
         id="org.eclipse.emf.parsley.examples.mail.accountsview"
         download-size="0"
         install-size="0"
         version="0.0.0"
         unpack="false"/>

   <plugin
         id="org.eclipse.emf.parsley.examples.mail.model"
         download-size="0"
         install-size="0"
         version="0.0.0"
         unpack="false"/>

   <plugin
         id="org.eclipse.emf.parsley.views.common"
         download-size="0"
         install-size="0"
         version="0.0.0"
         unpack="false"/>

   <plugin
         id="org.eclipse.emf.parsley.common"
         download-size="0"
         install-size="0"
         version="0.0.0"
         unpack="false"/>

   <plugin
         id="org.eclipse.emf.parsley.views"
         download-size="0"
         install-size="0"
         version="0.0.0"
         unpack="false"/>

   <plugin
         id="org.eclipse.xtext.xbase.lib"
         download-size="0"
         install-size="0"
         version="0.0.0"
         unpack="false"/>

   <plugin
         id="com.google.guava"
         download-size="0"
         install-size="0"
         version="0.0.0"
         unpack="false"/>

   <plugin
         id="org.eclipse.emf.parsley"
         download-size="0"
         install-size="0"
         version="0.0.0"
         unpack="false"/>

   <plugin
         id="org.eclipse.ui.views"
         download-size="0"
         install-size="0"
         version="0.0.0"
         unpack="false"/>

   <plugin
         id="org.eclipse.emf.parsley.runtime"
         download-size="0"
         install-size="0"
         version="0.0.0"
         unpack="false"/>

   <plugin
         id="org.eclipse.emf.parsley.runtime.common"
         download-size="0"
         install-size="0"
         version="0.0.0"
         unpack="false"/>

   <plugin
         id="org.eclipse.emf.databinding.edit"
         download-size="0"
         install-size="0"
         version="0.0.0"
         unpack="false"/>

   <plugin
         id="org.apache.log4j"
         download-size="0"
         install-size="0"
         version="0.0.0"
         unpack="false"/>

   <plugin
         id="org.apache.commons.logging"
         download-size="0"
         install-size="0"
         version="0.0.0"
         unpack="false"/>

   <plugin
         id="org.eclipse.core.resources"
         download-size="0"
         install-size="0"
         version="0.0.0"
         unpack="false"/>

   <plugin
         id="org.eclipse.emf.ecore.edit"
         download-size="0"
         install-size="0"
         version="0.0.0"
         unpack="false"/>

   <plugin
         id="org.eclipse.emf.edit.ui"
         download-size="0"
         install-size="0"
         version="0.0.0"
         unpack="false"/>

   <plugin
         id="org.eclipse.core.filesystem"
         download-size="0"
         install-size="0"
         version="0.0.0"
         unpack="false"/>

   <plugin
         id="org.eclipse.emf.edit"
         download-size="0"
         install-size="0"
         version="0.0.0"
         unpack="false"/>

   <plugin
         id="org.eclipse.emf.common.ui"
         download-size="0"
         install-size="0"
         version="0.0.0"
         unpack="false"/>

   <plugin
         id="com.google.inject"
         download-size="0"
         install-size="0"
         version="0.0.0"
         unpack="false"/>

   <plugin
         id="org.eclipse.emf.databinding"
         download-size="0"
         install-size="0"
         version="0.0.0"
         unpack="false"/>

</feature>
