<?xml version="1.0" encoding="UTF-8"?>
<feature
      id="org.eclipse.emf.parsley.examples.eclipse4.product.feature"
      label="EMF Parsley Eclipse4 Example Product Feature"
      version="1.2.3.qualifier">

   <description url="http://www.eclipse.org/emfparsley">
      EMF Parsley Eclipse4 Example Product Feature
   </description>

   <copyright>
      %copyright
   </copyright>

   <license url="http://www.eclipse.org/legal/epl-v10.html">
      %license
   </license>

   <requires>
      <import feature="org.eclipse.e4.rcp" />
      <import feature="org.eclipse.emf.ecore" />
      <import feature="org.eclipse.emf.common" />
   </requires>

   <plugin
         id="org.eclipse.emf.parsley.examples.eclipse4"
         download-size="0"
         install-size="0"
         version="0.0.0"
         unpack="false"/>

   <plugin
         id="org.eclipse.emf.parsley.examples.eclipse4.parsleypart"
         download-size="0"
         install-size="0"
         version="0.0.0"
         unpack="false"/>

   <plugin
         id="org.eclipse.emf.parsley.views"
         download-size="0"
         install-size="0"
         version="0.0.0"
         unpack="false"/>

   <plugin
         id="org.eclipse.emf.parsley.views.common"
         download-size="0"
         install-size="0"
         version="0.0.0"
         unpack="false"/>

   <plugin
         id="org.eclipse.emf.parsley.runtime"
         download-size="0"
         install-size="0"
         version="0.0.0"
         unpack="false"/>

   <plugin
         id="org.eclipse.emf.parsley.runtime.common"
         download-size="0"
         install-size="0"
         version="0.0.0"
         unpack="false"/>

   <plugin
         id="org.eclipse.emf.parsley.common"
         download-size="0"
         install-size="0"
         version="0.0.0"
         unpack="false"/>

   <plugin
         id="org.eclipse.emf.parsley"
         download-size="0"
         install-size="0"
         version="0.0.0"
         unpack="false"/>

</feature>
